n,n.inst,emis.mean,emis.sd
1441,22,0.339996524829979,0.236836397673237
