app.mthd,n,n.inst,emis.mean,emis.sd
TRUE,755,18,0.447225045695364,0.251086091886879
FALSE,686,14,0.221982627959184,0.1479855662626
